00_TYPE,01_DISTACNE,02_PERFORMANCE,03_Detail_01_Build_Time,03_Detail_02_Compute_Time,03_Sampling_Rate,04_cand_1,04_cand_2,,,,,VERTEX,SPHERE,AABB,,VERTEX,SPHERE,AABB
Vertex,0.120369,31.7989,4.4863,11.0879,0.1,"0.196585, -0.006588, -0.148975","0.078485, -0.019057, -0.129337",,,,,0.120369,0.279383,0.10752,,31.7989,34.7815,35.422
Sphere,0.279383,34.7815,4.3588,12.4827,0.1,"0.185922, 0.004612, -0.100233","-0.082961, 0.008183, -0.176023",,,,,0.111064,0.162043,0.107374,,53.1279,55.183,55.1914
AABB,0.10752,35.422,4.3026,12.6853,0.1,"-0.108284, 0.011963, -0.158425","-0.001581, 0.005739, -0.146749",,,,,0.109417,0.147526,0.10619,,77.9456,74.3125,75.4451
Vertex,0.111064,53.1279,4.394,22.2654,0.2,"-0.108231, 0.011613, -0.158075","0.001822, -0.000287, -0.149017",,,,,0.107846,0.145579,0.104641,,102.008,93.3421,95.2327
Sphere,0.162043,55.183,4.4577,22.5926,0.2,"0.195372, -0.005888, -0.145842","0.047801, -0.026368, -0.082112",,,,,0.107719,0.136468,0.103828,,128.085,112.682,114.772
AABB,0.107374,55.1914,4.3989,22.7922,0.2,"-0.108284, 0.011963, -0.158425","-0.002346, 0.002261, -0.143860",,,,,0.107347,0.136468,0.103828,,154.809,132.01,134.475
Vertex,0.109417,77.9456,4.5995,34.5245,0.3,"-0.090155, -0.027587, -0.060775","0.015546, -0.003437, -0.075475",,,,,0.107918,0.136468,0.103495,,182.625,152.202,153.998
Sphere,0.147526,74.3125,4.4768,32.0599,0.3,"0.192893, -0.013237, -0.134975","0.066527, -0.016030, -0.058899",,,,,0.106387,0.130279,0.103189,,209.882,170.623,173.005
AABB,0.10619,75.4451,4.6684,32.8658,0.3,"-0.108284, 0.011963, -0.158425","-0.002176, 0.007900, -0.157481",,,,,0.106334,0.12306,0.10309,,238.319,189.492,192.868
Vertex,0.107846,102.008,4.4118,47.7044,0.4,"-0.108323, 0.011963, -0.158072","-0.001184, 0.004963, -0.147925",,,,,0.106492,0.12306,0.102864,,266.864,208.769,212.328
Sphere,0.145579,93.3421,4.4185,41.9727,0.4,"0.192893, -0.013237, -0.134975","0.070177, -0.014223, -0.056662",,,,,0.105641,0.12306,0.102864,,296.414,228.02,231.98
AABB,0.104641,95.2327,4.3623,42.8066,0.4,"-0.090746, -0.027937, -0.059375","0.013880, -0.026543, -0.060503",,,,,0.105269,0.122094,0.102835,,324.661,246.882,251.842
Vertex,0.107719,128.085,4.4344,60.9045,0.5,"-0.107973, 0.011963, -0.157422","-0.001703, -0.000637, -0.145125",,,,,0.105301,0.122094,0.102786,,353.464,266.375,271.517
Sphere,0.136468,112.682,4.4487,51.6034,0.5,"-0.107273, 0.012312, -0.157095","0.027866, -0.005295, -0.164225",,,,,0.105583,0.121675,0.102734,,384.218,285.013,290.877
AABB,0.103828,114.772,4.4601,52.6396,0.5,"0.198692, -0.010088, -0.137075","0.094877, -0.011572, -0.136329",,,,,0.105948,0.121675,0.102734,,415.517,304.272,309.432
Vertex,0.107347,154.809,4.5232,74.9503,0.6,"-0.108195, 0.012312, -0.157725","-0.002178, 0.002716, -0.143885",,,,,0.105083,0.119877,0.102734,,444.741,323.125,329.943
Sphere,0.136468,132.01,4.4042,61.3394,0.6,"-0.107273, 0.012312, -0.157095","0.027866, -0.005295, -0.164225",,,,,0.10463,0.119838,0.102734,,472.629,342.185,347.97
AABB,0.103828,134.475,4.4671,62.4746,0.6,"0.198692, -0.010088, -0.137075","0.094877, -0.011572, -0.136329",,,,,0.104942,0.11847,0.102734,,505.957,361.595,368.176
Vertex,0.107918,182.625,4.6197,89.3488,0.7,"-0.108118, 0.011613, -0.157725","-0.000216, 0.012312, -0.155975",,,,,0.103861,0.117406,0.102734,,537.367,379.537,387.21
Sphere,0.136468,152.202,4.569,71.0175,0.7,"-0.107273, 0.012312, -0.157095","0.027866, -0.005295, -0.164225",,,,,0.104226,0.117406,0.102734,,571.274,399.166,407.498
AABB,0.103495,153.998,4.5157,72.2095,0.7,"-0.090851, -0.027937, -0.058675","0.012616, -0.028472, -0.061016",,,,,,,,,,,
Vertex,0.106387,209.882,4.455,103.943,0.8,"-0.107273, 0.013122, -0.157725","-0.002534, 0.000413, -0.144075",,,,,,,,,,,
Sphere,0.130279,170.623,4.4042,80.6158,0.8,"-0.107273, 0.012312, -0.157095","0.022740, 0.008368, -0.164430",,,,,,,,,,,
AABB,0.103189,173.005,4.4586,81.7978,0.8,"-0.108209, 0.011963, -0.157725","-0.005029, 0.011388, -0.158969",,,,,,,,,,,
Vertex,0.106334,238.319,4.4084,118.318,0.9,"-0.108287, 0.012312, -0.158075","-0.002028, 0.008813, -0.156143",,,,,,,,,,,
Sphere,0.12306,189.492,4.5049,90.0302,0.9,"0.196614, -0.005888, -0.148975","0.076673, -0.017032, -0.123802",,,,,,,,,,,
AABB,0.10309,192.868,4.5341,91.8782,0.9,"-0.090473, -0.027315, -0.059725","0.012594, -0.028002, -0.057651",,,,,,,,,,,
Vertex,0.106492,266.864,4.7074,133.47,1,"-0.108324, 0.011963, -0.158075","-0.001916, 0.008113, -0.156325",,,,,,,,,,,
Sphere,0.12306,208.769,4.4844,99.7328,1,"0.196614, -0.005888, -0.148975","0.076673, -0.017032, -0.123802",,,,,,,,,,,
AABB,0.102864,212.328,4.4013,101.558,1,"0.198976, -0.009387, -0.136725","0.096121, -0.008061, -0.136311",,,,,,,,,,,
Vertex,0.105641,296.414,4.4824,148.702,1.1,"-0.106923, 0.010212, -0.158698","-0.001328, 0.009162, -0.155765",,,,,,,,,,,
Sphere,0.12306,228.02,4.6128,109.19,1.1,"0.196614, -0.005888, -0.148975","0.076673, -0.017032, -0.123802",,,,,,,,,,,
AABB,0.102864,231.98,4.4822,111.418,1.1,"0.198976, -0.009387, -0.136725","0.096121, -0.008061, -0.136311",,,,,,,,,,,
Vertex,0.105269,324.661,4.6076,164.017,1.2,"-0.107273, 0.011594, -0.159125","-0.002028, 0.013329, -0.157725",,,,,,,,,,,
Sphere,0.122094,246.882,4.4513,118.713,1.2,"0.196772, -0.005537, -0.147925","0.080700, -0.005897, -0.110055",,,,,,,,,,,
AABB,0.102835,251.842,4.6388,121.054,1.2,"-0.090811, -0.027587, -0.059025","0.012018, -0.027564, -0.057901",,,,,,,,,,,
Vertex,0.105301,353.464,4.5481,179.037,1.3,"-0.107623, 0.011963, -0.159064","-0.002378, 0.009863, -0.156337",,,,,,,,,,,
Sphere,0.122094,266.375,4.5106,128.649,1.3,"0.196772, -0.005537, -0.147925","0.080700, -0.005897, -0.110055",,,,,,,,,,,
AABB,0.102786,271.517,5.0031,130.866,1.3,"-0.108324, 0.011963, -0.158075","-0.005540, 0.012141, -0.157454",,,,,,,,,,,
Vertex,0.105583,384.218,4.8475,194.484,1.4,"-0.108239, 0.012312, -0.158425","-0.002728, 0.008425, -0.158075",,,,,,,,,,,
Sphere,0.121675,285.013,4.4564,137.794,1.4,"0.196422, -0.006938, -0.148984","0.080648, -0.004777, -0.111613",,,,,,,,,,,
AABB,0.102734,290.877,4.5294,140.648,1.4,"-0.108323, 0.011959, -0.158075","-0.005591, 0.011416, -0.157826",,,,,,,,,,,
Vertex,0.105948,415.517,4.7337,210.278,1.5,"-0.107655, 0.011262, -0.157375","-0.001722, 0.013012, -0.157025",,,,,,,,,,,
Sphere,0.121675,304.272,4.4722,147.844,1.5,"0.196422, -0.006938, -0.148984","0.080648, -0.004777, -0.111613",,,,,,,,,,,
AABB,0.102734,309.432,4.3577,150.292,1.5,"-0.108323, 0.011959, -0.158075","-0.005591, 0.011416, -0.157826",,,,,,,,,,,
Vertex,0.105083,444.741,4.5728,226.115,1.6,"-0.108323, 0.011959, -0.158075","-0.003264, 0.010212, -0.156675",,,,,,,,,,,
Sphere,0.119877,323.125,4.5602,157.16,1.6,"0.195294, -0.009037, -0.146175","0.080077, -0.005984, -0.113217",,,,,,,,,,,
AABB,0.102734,329.943,4.7281,160.184,1.6,"-0.108323, 0.011959, -0.158075","-0.005591, 0.011416, -0.157826",,,,,,,,,,,
Vertex,0.10463,472.629,4.7617,241.536,1.7,"-0.108040, 0.011262, -0.158075","-0.003428, 0.009863, -0.156752",,,,,,,,,,,
Sphere,0.119838,342.185,4.4186,166.679,1.7,"0.197472, -0.011487, -0.136898","0.081795, -0.003446, -0.106645",,,,,,,,,,,
AABB,0.102734,347.97,4.4301,169.406,1.7,"-0.108323, 0.011959, -0.158075","-0.005591, 0.011416, -0.157826",,,,,,,,,,,
Vertex,0.104942,505.957,4.5778,258.2,1.8,"-0.108239, 0.012312, -0.158425","-0.003354, 0.009162, -0.157025",,,,,,,,,,,
Sphere,0.11847,361.595,4.8211,175.872,1.8,"0.192572, -0.005113, -0.147925","0.080936, -0.005823, -0.108275",,,,,,,,,,,
AABB,0.102734,368.176,4.4811,179.473,1.8,"-0.108323, 0.011959, -0.158075","-0.005591, 0.011416, -0.157826",,,,,,,,,,,
Vertex,0.103861,537.367,4.4645,274.318,1.9,"0.198872, -0.009387, -0.136099","0.095027, -0.007637, -0.136614",,,,,,,,,,,
Sphere,0.117406,379.537,4.5834,185.062,1.9,"0.195372, -0.007988, -0.135479","0.083361, 0.000591, -0.101360",,,,,,,,,,,
AABB,0.102734,387.21,4.426,189.068,1.9,"-0.108323, 0.011959, -0.158075","-0.005591, 0.011416, -0.157826",,,,,,,,,,,
Vertex,0.104226,571.274,4.4695,292.584,2,"-0.107623, 0.012926, -0.157725","-0.003428, 0.010562, -0.156764",,,,,,,,,,,
Sphere,0.117406,399.166,4.7574,195.011,2,"0.195372, -0.007988, -0.135479","0.083361, 0.000591, -0.101360",,,,,,,,,,,
AABB,0.102734,407.498,4.5644,199.164,2,"-0.108323, 0.011959, -0.158075","-0.005591, 0.011416, -0.157826",,,,,,,,,,,
