00_TYPE,01_DISTACNE,02_PERFORMANCE,03_Detail_01_Build_Time,03_Detail_02_Compute_Time,03_Sampling_Rate,04_cand_1,04_cand_2,,,,,,Vertex,Sphere,AABB,,Vertex,Sphere,AABB
Vertex,53.778,219.582,4.8892,71.1572,0.1,"61.420052, 76.730591, 38.063057","53.584618, 25.650164, 23.181196",,,,,,53.778,66.8897,50.7907,,219.582,224.279,228.51
Sphere,66.8897,224.279,4.9004,99.3276,0.1,"59.231468, 75.288628, 39.103458","46.536980, 17.506374, 7.889698",,,,,,50.9472,53.9515,48.8694,,407.972,383.671,388.253
AABB,50.7907,228.51,5.944,100.914,0.1,"61.736523, 76.723328, 38.699764","47.227100, 28.129890, 35.898453",,,,,,50.1981,53.0025,46.5654,,612.238,537.954,546.013
Vertex,50.9472,407.972,5.0036,136.336,0.2,"61.497196, 76.911194, 38.688564","53.584618, 26.643950, 36.196968",,,,,,48.2314,51.6517,46.1722,,829.561,693.615,704.731
Sphere,53.9515,383.671,5.01,177.708,0.2,"61.568180, 76.304047, 38.999393","33.566742, 30.445059, 43.861591",,,,,,47.905,51.5556,46.0629,,1056.59,849.377,860.893
AABB,48.8694,388.253,4.6639,180.076,0.2,"59.937672, 75.759590, 38.822037","56.560322, 27.023233, 37.564842",,,,,,47.5467,51.6602,45.9402,,1287.48,1005.66,1018.79
Vertex,50.1981,612.238,4.6156,206.577,0.3,"61.816315, 76.678688, 38.296314","53.584618, 27.366346, 33.781334",,,,,,47.5742,51.5665,45.8313,,1542.19,1159.31,1174.28
Sphere,53.0025,537.954,4.6476,254.373,0.3,"60.774307, 76.438583, 38.729671","50.300949, 27.843779, 20.341709",,,,,,46.9431,50.9977,45.6702,,1775.85,1315.68,1331.91
AABB,46.5654,546.013,4.6367,257.59,0.3,"60.509026, 76.299767, 37.668678","65.261497, 30.083279, 34.539974",,,,,,47.8414,50.4153,45.6702,,2029.72,1469.21,1489.58
Vertex,48.2314,829.561,4.9797,281.731,0.4,"61.598743, 76.650017, 38.062012","69.217888, 29.090103, 40.566269",,,,,,46.8074,50.4153,45.6702,,2280.17,1623.83,1646.71
Sphere,51.6517,693.615,4.5452,330.636,0.4,"60.028488, 76.015503, 38.287865","47.040421, 26.903263, 28.949871",,,,,,46.3992,50.4885,45.7204,,2511.57,1768.42,1794.3
AABB,46.1722,704.731,4.7369,335.582,0.4,"61.368496, 76.909218, 38.583958","65.215698, 30.928682, 36.890949",,,,,,46.8895,48.8718,45.7204,,2796.84,1923.08,1949.9
Vertex,47.905,1056.59,5.2405,359.81,0.5,"61.086849, 76.603119, 38.002975","57.738586, 28.831715, 36.750828",,,,,,46.1761,48.8718,45.7204,,3027.83,2080.12,2107.42
Sphere,51.5556,849.377,4.724,407.22,0.5,"61.752274, 76.758224, 38.243313","41.522060, 29.397453, 35.861820",,,,,,46.3027,48.3429,45.5539,,3288.18,2233.15,2263.19
AABB,46.0629,860.893,4.7622,412.382,0.5,"61.422932, 76.925743, 38.505886","64.138290, 31.052696, 35.331181",,,,,,46.3237,48.3429,45.5539,,3570.86,2388.77,2419.11
Vertex,47.5467,1287.48,4.6187,438.791,0.6,"61.368496, 76.909218, 38.583958","66.877319, 29.693357, 37.581623",,,,,,46.5042,47.491,45.5338,,3783.56,2536.82,2569.62
Sphere,51.6602,1005.66,4.6604,482.626,0.6,"61.480392, 76.220337, 37.854809","46.401188, 28.483507, 25.103903",,,,,,46.4876,47.2008,45.5338,,4098.94,2692.36,2730.57
AABB,45.9402,1018.79,4.968,489.386,0.6,"61.133926, 76.558533, 37.933186","64.884697, 30.772879, 38.265591",,,,,,46.1455,47.2008,45.5338,,4340.44,2851.3,2888.04
Vertex,47.5742,1542.19,4.5758,522.15,0.7,"61.568180, 76.304047, 38.999393","57.184727, 29.028727, 35.977001",,,,,,46.0071,47.2008,45.5338,,4605.77,3004.08,3047.91
Sphere,51.5665,1159.31,5.0801,558.333,0.7,"61.687263, 76.221115, 38.021114","37.909180, 30.464209, 37.928329",,,,,,46.3112,47.2008,45.5338,,4891.36,3155.52,3200.98
AABB,45.8313,1174.28,4.6686,565.84,0.7,"61.420052, 76.730591, 38.063057","65.020241, 31.075520, 36.285328",,,,,,,,,,,,
Vertex,46.9431,1775.85,4.7122,609.572,0.8,"61.526825, 76.733643, 38.948990","65.936539, 30.135658, 35.366173",,,,,,,,,,,,
Sphere,50.9977,1315.68,4.6827,634.671,0.8,"61.206360, 76.808929, 38.679634","50.982323, 27.010967, 34.630703",,,,,,,,,,,,
AABB,45.6702,1331.91,5.0657,642.385,0.8,"60.690281, 76.490334, 38.444515","60.616356, 30.831257, 37.438477",,,,,,,,,,,,
Vertex,47.8414,2029.72,4.7453,692.874,0.9,"60.101772, 76.099976, 38.105568","59.677109, 28.474863, 33.581154",,,,,,,,,,,,
Sphere,50.4153,1469.21,4.6864,710.692,0.9,"62.004395, 75.820206, 38.653267","48.609505, 27.462978, 33.769306",,,,,,,,,,,,
AABB,45.6702,1489.58,4.7048,719.588,0.9,"60.690281, 76.490334, 38.444515","60.616356, 30.831257, 37.438477",,,,,,,,,,,,
Vertex,46.8074,2280.17,4.7454,781.404,1,"60.258873, 76.109200, 38.554497","59.954041, 29.304863, 38.999512",,,,,,,,,,,,
Sphere,50.4153,1623.83,4.7563,784.984,1,"62.004395, 75.820206, 38.653267","48.609505, 27.462978, 33.769306",,,,,,,,,,,,
AABB,45.6702,1646.71,4.7352,794.883,1,"60.690281, 76.490334, 38.444515","60.616356, 30.831257, 37.438477",,,,,,,,,,,,
Vertex,46.3992,2511.57,4.9614,863.357,1.1,"61.105190, 76.783524, 38.608765","62.169491, 30.413380, 39.858002",,,,,,,,,,,,
Sphere,50.4885,1768.42,4.4908,855.609,1.1,"61.086849, 76.603119, 38.002975","47.617580, 27.986889, 35.969803",,,,,,,,,,,,
AABB,45.7204,1794.3,4.708,869.075,1.1,"60.867050, 76.568550, 38.632504","64.680473, 31.015638, 37.769615",,,,,,,,,,,,
Vertex,46.8895,2796.84,4.3985,955.264,1.2,"61.627457, 76.904526, 38.544830","66.046524, 30.282829, 36.196968",,,,,,,,,,,,
Sphere,48.8718,1923.08,4.6701,932.194,1.2,"61.205879, 76.500793, 37.872784","55.321312, 28.138588, 34.010098",,,,,,,,,,,,
AABB,45.7204,1949.9,4.6438,945.455,1.2,"60.867050, 76.568550, 38.632504","64.680473, 31.015638, 37.769615",,,,,,,,,,,,
Vertex,46.1761,3027.83,4.5826,1042.69,1.3,"61.386978, 76.658463, 38.002647","65.492661, 30.670532, 37.304695",,,,,,,,,,,,
Sphere,48.8718,2080.12,4.5134,1008,1.3,"61.205879, 76.500793, 37.872784","55.321312, 28.138588, 34.010098",,,,,,,,,,,,
AABB,45.7204,2107.42,4.5678,1021.93,1.3,"60.867050, 76.568550, 38.632504","64.680473, 31.015638, 37.769615",,,,,,,,,,,,
Vertex,46.3027,3288.18,4.5506,1138.18,1.4,"60.751228, 76.486984, 38.010712","65.251335, 30.413382, 38.966282",,,,,,,,,,,,
Sphere,48.3429,2233.15,4.5564,1083.43,1.4,"60.892487, 76.648689, 38.524601","69.291054, 29.080025, 40.453823",,,,,,,,,,,,
AABB,45.5539,2263.19,4.7571,1098.39,1.4,"61.524357, 76.938362, 38.517464","62.984959, 31.445385, 36.669193",,,,,,,,,,,,
Vertex,46.3237,3570.86,5.0036,1228.41,1.5,"61.575062, 76.854019, 38.198132","63.831078, 30.709301, 34.812313",,,,,,,,,,,,
Sphere,48.3429,2388.77,4.9813,1158.79,1.5,"60.892487, 76.648689, 38.524601","69.291054, 29.080025, 40.453823",,,,,,,,,,,,
AABB,45.5539,2419.11,4.6664,1173.94,1.5,"61.524357, 76.938362, 38.517464","62.984959, 31.445385, 36.669193",,,,,,,,,,,,
Vertex,46.5042,3783.56,4.795,1317.64,1.6,"61.199493, 76.822472, 38.434185","63.831078, 30.413382, 39.817646",,,,,,,,,,,,
Sphere,47.491,2536.82,4.4751,1231.24,1.6,"61.341400, 76.739937, 38.946445","58.596794, 29.367302, 37.025127",,,,,,,,,,,,
AABB,45.5338,2569.62,4.7088,1249.52,1.6,"61.484146, 76.931129, 38.422546","62.180202, 31.402662, 38.377495",,,,,,,,,,,,
Vertex,46.4876,4098.94,4.7284,1420.99,1.7,"61.452408, 76.784271, 38.933365","61.357685, 30.413382, 35.643108",,,,,,,,,,,,
Sphere,47.2008,2692.36,4.5985,1306.93,1.7,"61.064320, 76.757652, 38.345829","66.715805, 29.897070, 38.595665",,,,,,,,,,,,
AABB,45.5338,2730.57,4.5822,1326.72,1.7,"61.484146, 76.931129, 38.422546","62.180202, 31.402662, 38.377495",,,,,,,,,,,,
Vertex,46.1455,4340.44,4.5403,1515.06,1.8,"61.362309, 76.797493, 38.899082","60.403461, 30.689524, 37.304695",,,,,,,,,,,,
Sphere,47.2008,2851.3,4.66,1382.85,1.8,"61.064320, 76.757652, 38.345829","66.715805, 29.897070, 38.595665",,,,,,,,,,,,
AABB,45.5338,2888.04,4.4922,1403.18,1.8,"61.484146, 76.931129, 38.422546","62.180202, 31.402662, 38.377495",,,,,,,,,,,,
Vertex,46.0071,4605.77,4.8365,1610.23,1.9,"61.497196, 76.911194, 38.688564","62.446423, 30.921354, 39.520145",,,,,,,,,,,,
Sphere,47.2008,3004.08,4.8928,1457.98,1.9,"61.064320, 76.757652, 38.345829","66.715805, 29.897070, 38.595665",,,,,,,,,,,,
AABB,45.5338,3047.91,4.7911,1478.95,1.9,"61.484146, 76.931129, 38.422546","62.180202, 31.402662, 38.377495",,,,,,,,,,,,
Vertex,46.3112,4891.36,4.8531,1718,2,"61.436989, 76.826447, 38.892735","62.718605, 30.689524, 35.089241",,,,,,,,,,,,
Sphere,47.2008,3155.52,4.8275,1533.98,2,"61.064320, 76.757652, 38.345829","66.715805, 29.897070, 38.595665",,,,,,,,,,,,
AABB,45.5338,3200.98,4.6739,1554.41,2,"61.484146, 76.931129, 38.422546","62.180202, 31.402662, 38.377495",,,,,,,,,,,,
